zmconv_c0_lnd,LWCF,SWCF,PRECT
0.0044928500000000005,45.540794372558594,-80.74475860595703,0.0064566213495709235
0.00537785,43.372413635253906,-79.34748077392578,0.006376382839334838
0.00501795,42.83958053588867,-79.9107437133789,0.006400827464858594
0.0040916500000000005,46.44215393066406,-80.9576416015625,0.006451431363529991
0.0037966500000000004,47.099910736083984,-82.0804214477539,0.006433580119846738
0.0067053500000000005,41.708919525146484,-77.8171615600586,0.006423737931982032
0.006487049999999999,42.52035903930664,-78.13111114501953,0.006417516578949289
0.00848715,38.90341567993164,-73.72139739990234,0.006442701578635024
0.00301785,52.86025619506836,-93.05187225341797,0.006282044068939285
0.00337185,49.26145935058594,-85.29328155517578,0.006359333974614856
0.00881755,37.89735412597656,-72.98152923583984,0.006445330950555217
0.008445850000000001,39.32599639892578,-76.22132873535156,0.006442994413191627
0.00793255,40.30507278442383,-76.77235412597656,0.006432576378756494
0.00633955,41.96344757080078,-77.6822280883789,0.006441180312322103
0.00881165,37.71601104736328,-73.04084777832031,0.006436245712393429
0.007643450000000001,40.30947494506836,-74.79695129394531,0.0064345789496655925
0.0046403500000000006,42.35769271850586,-78.35723114013672,0.0064058019688673085
0.00577315,43.51350021362305,-78.91321563720703,0.006428184474316367
0.00795615,39.5106315612793,-76.26445770263672,0.006448446538342978
0.007796850000000001,41.32648468017578,-74.70596313476562,0.006476893236140313
0.0048350500000000005,43.743717193603516,-81.45362091064453,0.006449990519286075
0.007082950000000001,41.068973541259766,-78.36935424804688,0.0064665279978726176
0.006911850000000001,40.81171798706055,-75.10775756835938,0.006476735461546923
0.00852845,37.88159942626953,-72.81267547607422,0.0064361180193373
0.00554895,43.73191452026367,-78.62290954589844,0.006436262901843293
0.00763755,41.11024475097656,-75.27910614013672,0.006472463883255841
0.0035842499999999998,46.495975494384766,-85.32273864746094,0.006375521525114891
0.00380255,47.32103729248047,-84.3011474609375,0.006436251851482666
0.00330105,50.837890625,-91.7095718383789,0.006318313808151288
0.00567285,43.598392486572266,-78.8736343383789,0.006441036043725035
0.007206850000000001,41.069610595703125,-73.3299560546875,0.006471923029494064
0.00485275,42.65406799316406,-78.11384582519531,0.0064477994783374015
0.008180350000000001,39.56481170654297,-75.51945495605469,0.0064414129838041845
0.00368455,47.08180236816406,-88.3333740234375,0.006400165057129925
0.00547225,43.90082931518555,-76.58683013916016,0.006458191114688816
0.00518315,43.034629821777344,-80.42516326904297,0.006418817451958603
0.0064693500000000004,42.127098083496094,-78.27457427978516,0.00642587494894542
0.008227550000000002,39.67416763305664,-74.18640899658203,0.006481362493104825
0.006422150000000001,42.459075927734375,-78.20478057861328,0.006434917827391473
0.00662275,40.9906005859375,-74.16775512695312,0.006441465166062699
0.008144950000000001,39.426910400390625,-75.11153411865234,0.00644894012111763
0.00502385,42.74354553222656,-80.65843200683594,0.006417813096959435
0.006835150000000001,40.161128997802734,-74.55445861816406,0.006439624667109456
0.00746055,40.869041442871094,-76.38786315917969,0.006428215783671476
0.006823350000000001,41.6987419128418,-79.05696868896484,0.006428405481528898
0.00843405,38.41861343383789,-71.21096801757812,0.006469528784691647
0.008599250000000001,37.788673400878906,-72.83651733398438,0.006421592320293712
0.008498950000000002,38.7603759765625,-73.98323822021484,0.006448057933994278
0.006003250000000001,42.73539352416992,-80.50017547607422,0.006427080666071561
0.00805055,39.99660110473633,-72.73973083496094,0.006484720574917446
0.0031830499999999998,52.75946807861328,-92.2652359008789,0.006303093778114999
0.00508285,43.16800308227539,-78.14128875732422,0.006440725405809644
0.00742515,40.789363861083984,-76.58541107177734,0.0064276982584488
0.004268650000000001,45.49460983276367,-82.99569702148438,0.006437926595026511
0.004504650000000001,43.15153121948242,-79.57179260253906,0.006412270113287377
0.0075372500000000005,40.43143081665039,-75.61392974853516,0.0064286620954590035
0.0062451500000000005,41.58444595336914,-78.0552749633789,0.006410363312170375
0.00467575,42.966102600097656,-79.96263885498047,0.006407342880265787
0.0056079500000000004,43.66450500488281,-76.28602600097656,0.0064513564666413
0.00802105,40.091888427734375,-72.72660827636719,0.006486789447990304
0.008764450000000002,37.917930603027344,-73.07528686523438,0.006437380216084421
0.00809185,40.19044494628906,-75.6446533203125,0.006445353665185394
0.00477015,43.82989501953125,-79.83892059326172,0.006480970819211507
0.00396185,46.56613540649414,-83.9371337890625,0.006434314968828403
0.00354885,46.64851379394531,-83.02784729003906,0.006420252771022206
0.0066758500000000005,42.32057189941406,-75.9848403930664,0.0065141875893459655
0.0050887499999999995,43.157737731933594,-79.03810119628906,0.006453743958445557
0.0058439500000000005,43.758872985839844,-77.82784271240234,0.00646839673663635
0.007619850000000001,40.16570281982422,-72.18411254882812,0.006475923873949796
0.0040326500000000005,46.59831237792969,-83.59303283691406,0.006421677039725182
0.0036196500000000003,47.559967041015625,-84.35136413574219,0.006388773363141809
0.00498845,42.908470153808594,-79.31312561035156,0.006433068119804375
0.00321845,52.21004867553711,-91.36991119384766,0.006304095677478472
0.00789125,40.89546203613281,-72.49608612060547,0.006511706169476383
0.00709475,40.884334564208984,-78.5921630859375,0.006434171314140258
0.005484050000000001,43.856292724609375,-77.89618682861328,0.006450598289120535
0.00716555,40.38446807861328,-73.3653793334961,0.0064527893300692085
0.008717250000000001,38.68160629272461,-73.23822784423828,0.0064786029724928085
0.006197950000000001,43.038307189941406,-79.20655822753906,0.006446683391914121
0.005602050000000001,42.881988525390625,-75.8315200805664,0.00642763195628504
0.00541915,44.39009094238281,-78.5282974243164,0.006475058262367384
0.00456955,44.27157211303711,-79.15620422363281,0.006454108620346233
0.005389650000000001,44.19472885131836,-79.04385375976562,0.006444081645895494
0.00527165,44.75736999511719,-81.47225952148438,0.006443675238188007
0.00641035,41.66258239746094,-76.56680297851562,0.0064384717461507535
0.008463550000000002,38.34348678588867,-73.1574478149414,0.006412490506590984
0.006274650000000001,43.10276412963867,-76.88507843017578,0.006436380158447719
0.0048940500000000005,42.87446594238281,-80.09115600585938,0.006411961931007681
0.00410935,45.40227508544922,-84.67121124267578,0.006431351016544795
0.00466395,42.94639205932617,-79.12168884277344,0.006408594026652281
0.00641625,42.6995964050293,-77.58782196044922,0.006437411525439529
0.00685875,39.747344970703125,-73.84507751464844,0.006433966268559743
0.00665225,42.94279098510742,-76.69512176513672,0.006503714917016623
0.00487045,42.99534606933594,-79.72944641113281,0.0064281801769539015
0.00544865,44.46233367919922,-78.94831848144531,0.006442233166126243
0.004976650000000001,42.63725280761719,-79.05363464355469,0.006413100732061139
0.008363250000000001,39.66768264770508,-75.7867660522461,0.006442409971896268
0.006062250000000001,43.403167724609375,-76.53141021728516,0.006430164330595289
0.00406805,44.965755462646484,-80.91100311279297,0.006389963118635933
0.00351345,47.42740249633789,-88.21444702148438,0.006383493746398017
0.00845765,38.340370178222656,-72.87117004394531,0.006413422420337156
0.00437485,44.94914245605469,-81.74012756347656,0.0064446053102074075
0.006321850000000001,41.812068939208984,-75.95845031738281,0.0064705644490459235
0.00367865,48.63916015625,-83.43876647949219,0.006430673261093034
0.00331875,49.63650131225586,-87.7213134765625,0.006367635251081083
0.00819215,39.890254974365234,-74.23603057861328,0.006442392168537481
0.0036432500000000002,48.96978759765625,-84.94086456298828,0.006394083675331785
0.008333750000000001,39.11052322387695,-73.80619049072266,0.006462909618676349
0.005100550000000001,43.05908966064453,-80.02262878417969,0.006394027195710805
0.00423325,45.02754211425781,-80.78996276855469,0.006466693139373092
0.0034721500000000002,46.98127365112305,-84.4494857788086,0.006420107888516213
0.00815675,39.77805709838867,-74.80619812011719,0.006443176744141965
0.00878805,38.00407028198242,-71.99800109863281,0.00643721568849287
0.008026950000000001,40.081180572509766,-75.5545654296875,0.0064362935972894775
0.0049825500000000005,43.345211029052734,-80.04016876220703,0.006439638787014701
0.00326565,50.175106048583984,-89.36157989501953,0.00635497706298338
0.00328335,51.29142761230469,-90.19108581542969,0.0063141386135612265
0.00331285,50.17420196533203,-87.63907623291016,0.00636311933703837
0.008386850000000001,39.38197708129883,-75.62152862548828,0.00644476676825434
0.00626285,42.092227935791016,-77.68677520751953,0.006438417722165468
0.00327745,49.80782699584961,-87.91392517089844,0.006365426406773622
0.005130050000000001,43.0270881652832,-79.67899322509766,0.006429962354559393
0.005932450000000001,43.3576774597168,-79.31002044677734,0.006435828254325315
0.005307050000000001,45.05610656738281,-80.21524047851562,0.006437744264076173
0.00580855,43.35548400878906,-80.03297424316406,0.006427309040191176
0.00433945,44.507469177246094,-82.44094848632812,0.006443481242968119
0.00470525,42.79808807373047,-79.84405517578125,0.006412632319552358
0.008658250000000001,37.874473571777344,-72.36756896972656,0.006439555909310002
0.00310635,51.653072357177734,-91.52681732177734,0.006302670794866572
0.008681850000000001,37.922515869140625,-73.1495132446289,0.006442029348363576
0.008262950000000002,39.93008041381836,-74.82945251464844,0.006451705780818884
0.00369635,46.01404571533203,-83.10653686523438,0.006376047645062499
0.00403855,45.128910064697266,-81.41871643066406,0.006395964692273992
0.00445155,45.048919677734375,-80.89097595214844,0.0064398542690469185
0.00336005,49.15094757080078,-85.52490997314453,0.006391224087565206
0.00352525,48.82061004638672,-84.40873718261719,0.00644080275833403
0.00469935,44.11033248901367,-79.16644287109375,0.006473356506830896
0.00325975,51.46574020385742,-89.62073516845703,0.0063119807236944325
0.00555485,43.734283447265625,-76.387939453125,0.006448419526350335
0.00574365,43.633548736572266,-78.09972381591797,0.0064389027102151886
0.00396775,45.88954162597656,-84.85000610351562,0.006428307256101107
0.00703575,40.64487838745117,-76.56097412109375,0.006430601433748961
0.00804465,40.58043670654297,-76.39939880371094,0.006441733444262354
0.004416150000000001,45.38023376464844,-80.31082916259766,0.006471377878369822
0.00531295,44.517425537109375,-79.3160629272461,0.00643900093564298
0.00873495,37.99918746948242,-72.04261016845703,0.006450361934184912
0.0075077500000000005,40.71173095703125,-75.02925109863281,0.00643342602870689
0.008581550000000002,37.819889068603516,-72.55038452148438,0.006435403429350117
0.0029824499999999998,52.559837341308594,-93.40531921386719,0.006292215925896016
0.007844050000000002,40.187889099121094,-71.96965026855469,0.006493342925750767
0.00623335,41.96101760864258,-75.56929016113281,0.006458736265813059
0.006156650000000001,41.84931564331055,-76.37223052978516,0.0064373096165581956
0.00419785,43.56673049926758,-81.55380249023438,0.0064040062852654955
0.00449875,45.02560043334961,-79.63728332519531,0.006456013579736464
0.00297655,52.65850067138672,-93.47663116455078,0.0062991715140015
0.00475835,42.72047424316406,-79.41830444335938,0.006417821691684367
0.008593350000000001,37.96289825439453,-72.9291000366211,0.006418429461518826
0.00325385,51.409461975097656,-88.57618713378906,0.006309708646767831
0.00525395,44.654808044433594,-79.47874450683594,0.0064287590930689475
0.0056964500000000005,43.58808517456055,-78.91617584228516,0.006437724005081691
0.00448695,44.66121292114258,-80.90095520019531,0.006440229981308221
0.00313585,52.71683883666992,-92.07832336425781,0.006303186478362477
0.00769655,40.624481201171875,-76.16631317138672,0.006445247458941594
0.00718915,41.020652770996094,-75.86537170410156,0.006446467909881903
0.0073602500000000005,40.53058624267578,-74.63813781738281,0.006438505511141557
0.007655250000000001,41.072227478027344,-75.15962982177734,0.0064683439404689125
0.008835250000000001,37.713645935058594,-72.6452865600586,0.0064258301335939905
0.007071150000000002,39.40580368041992,-73.66290283203125,0.006448237195399997
0.00397955,46.30200958251953,-81.97679138183594,0.006457028371187334
0.007761450000000001,41.55021286010742,-75.1950912475586,0.006521047407659353
0.0073012500000000004,40.591712951660156,-76.78185272216797,0.006418318344003637
0.0053247500000000005,44.363487243652344,-79.89681243896484,0.006424437788155046
0.007236350000000001,40.281673431396484,-75.39425659179688,0.006436560033762362
0.007714250000000001,40.87361526489258,-74.78272247314453,0.006461638827204297
0.00611535,42.138851165771484,-74.94180297851562,0.006440581751121499
0.00342495,47.71243667602539,-87.27352905273438,0.006358147902574274
0.00803875,40.04599380493164,-73.10397338867188,0.006500415770460677
0.007590350000000001,40.19428634643555,-72.18563842773438,0.00647681465579808
0.0073779499999999994,41.1636848449707,-75.3788070678711,0.00641815443032101
0.00308275,51.96055221557617,-90.67459869384766,0.006356062453960476
0.00371995,45.66740036010742,-83.09008026123047,0.006389549957930285
0.00391465,48.94965744018555,-87.32649993896484,0.006346207987917296
0.006133050000000001,43.055519104003906,-76.59651947021484,0.0064450000536453445
0.00803285,38.92045593261719,-71.9688491821289,0.006447638634199393
0.00505335,42.99443054199219,-80.67864990234375,0.006414247513930604
0.00415655,45.171573638916016,-80.66413116455078,0.0064691272882555495
0.007088850000000001,40.93699264526367,-77.16596984863281,0.006420486670322134
0.00402085,45.588924407958984,-84.3818588256836,0.006428021788451588
0.00677025,40.242584228515625,-75.11778259277344,0.00643165735709772
0.00402675,45.91395950317383,-81.8104248046875,0.00643515479623602
0.00418605,45.018009185791016,-83.02098846435547,0.006430498910958704
0.00772015,40.45991897583008,-76.81344604492188,0.006431858719224692
0.00713015,40.16666030883789,-74.05501556396484,0.006440476158786623
0.006251050000000001,42.127784729003906,-77.39320373535156,0.006438515333684336
0.0066050499999999995,41.80860137939453,-80.1469955444336,0.006417072722797457
0.008823450000000002,37.6145133972168,-71.9939956665039,0.006441922528210853
0.00454595,44.4879035949707,-81.00077056884766,0.006448746739806666
0.007820450000000001,40.67757797241211,-75.77371215820312,0.0063925409222065355
0.00517135,43.456668853759766,-79.15011596679688,0.006463137992795964
0.00879395,38.81465148925781,-73.71174621582031,0.0064588762370476616
0.00691775,39.96170425415039,-75.64266967773438,0.006436877424675913
0.0074192500000000005,40.85110092163086,-71.8037109375,0.006466816535066755
0.0065460499999999994,41.31398391723633,-76.02108001708984,0.006446936936299608
0.00871135,39.20003128051758,-72.89906311035156,0.00647803694846516
0.00367275,49.54152297973633,-85.54405212402344,0.006388882025021303
0.0066640499999999995,41.01752471923828,-75.20958709716797,0.0064631920167812495
0.006935450000000001,41.34122848510742,-74.5526123046875,0.006494462081718666
0.00375535,47.078277587890625,-84.20780944824219,0.006442118979066436
0.006787950000000001,41.443355560302734,-77.58536529541016,0.006446769339163438
0.00540145,44.15916442871094,-81.41838073730469,0.00641668964362907
0.007501850000000001,40.9798698425293,-76.99180603027344,0.006444368955271784
0.006074050000000001,42.80327606201172,-78.05401611328125,0.006484058781097701
0.008746750000000001,39.20915603637695,-72.2851333618164,0.006481298032667837
0.0058144500000000005,43.39057540893555,-78.79407501220703,0.006432492887142871
0.00760215,40.83570861816406,-75.67017364501953,0.006417249528567481
0.00878215,37.94056701660156,-73.04619598388672,0.006436550211219583
0.00640445,41.140869140625,-76.4330062866211,0.006442111612159351
0.007743750000000001,40.26474380493164,-78.0816421508789,0.006425207016036438
0.00846945,38.69584655761719,-74.15603637695312,0.006391727492882637
0.0045813500000000005,43.243431091308594,-79.46153259277344,0.00641575466033828
0.00340725,47.43733596801758,-85.504150390625,0.006418453403966851
0.008540250000000001,38.18410110473633,-72.67140197753906,0.0064126298639166635
0.0063041500000000006,42.35444259643555,-76.78318786621094,0.006470856669693603
0.006905950000000001,41.03982925415039,-75.26789093017578,0.006478535442511202
0.006752550000000001,41.57133483886719,-76.48283386230469,0.006458906932493846
0.0052657500000000005,44.62871170043945,-82.13098907470703,0.0064516376369283535
0.007908950000000001,41.213417053222656,-73.48849487304688,0.006514131723633909
0.00468755,42.9075927734375,-78.3918228149414,0.006413375149350031
0.00427455,44.980316162109375,-82.04881286621094,0.006431560973396699
0.00523035,42.88819122314453,-79.94654846191406,0.00644129265765514
0.0074959499999999995,39.63850021362305,-73.2198715209961,0.00643114597096428
0.00564925,43.97126007080078,-78.8935546875,0.006449996658375312
0.008268850000000001,39.59210968017578,-74.21351623535156,0.006477803049165232
0.005867550000000001,42.910709381103516,-80.09396362304688,0.006417097893063328
0.00568465,43.751651763916016,-78.04741668701172,0.006440994297918223
0.006882350000000001,41.139373779296875,-74.07059478759766,0.00645409327262314
0.00317715,53.099910736083984,-92.86857604980469,0.006297884760897432
0.00799745,39.730899810791016,-74.21992492675781,0.006444853329412581
0.005838050000000001,44.14195251464844,-78.28848266601562,0.006452690490732493
0.004593150000000001,44.9359130859375,-78.5346908569336,0.006469592017310788
0.00323025,51.79233932495117,-89.47537231445312,0.006315052110039687
0.00798565,38.979087829589844,-71.74774169921875,0.006463923182309372
0.00341315,49.70118713378906,-84.9795150756836,0.006405771887330047
0.00528935,44.9954833984375,-79.69520568847656,0.00644432843728282
0.00571415,43.838600158691406,-77.76150512695312,0.006434403985622339
0.004327650000000001,45.783897399902344,-83.10783386230469,0.006450913838307315
0.00864645,38.06709671020508,-72.08966064453125,0.006414327322090685
0.006050450000000001,43.33046340942383,-79.00194549560547,0.006448095382438623
0.007649350000000001,41.10710906982422,-75.30354309082031,0.006472479230978934
0.007490050000000002,40.96661376953125,-76.09612274169922,0.006447834471146052
0.00620385,43.06884002685547,-79.26541137695312,0.006445828216783411
0.00656375,41.32463073730469,-74.71139526367188,0.00644925567030441
0.0060091499999999996,43.40097427368164,-76.75999450683594,0.0064825645267774235
0.00587935,43.519657135009766,-78.34983825683594,0.00641316396468028
0.00556075,42.88227844238281,-77.86747741699219,0.006419705778171192
0.00372585,45.69996643066406,-83.64854431152344,0.006385344067894039
0.00422145,44.55905532836914,-81.59770202636719,0.006426669347092684
0.00370225,46.48219299316406,-82.36956024169922,0.006381332173077681
0.008121350000000001,39.26808166503906,-74.98599243164062,0.006451199305956834
0.00715965,40.46781539916992,-74.0008316040039,0.006447685291277594
0.00476425,42.56484603881836,-80.94059753417969,0.006414795120690542
0.007112450000000001,40.297882080078125,-74.32308959960938,0.006436617127292266
0.00651065,41.77067565917969,-74.92494201660156,0.0064496700588279055
0.00300015,52.491825103759766,-92.68325805664062,0.006293899264164793
0.007726050000000002,40.18897247314453,-75.677001953125,0.006434934402932413
0.00478195,43.47209548950195,-80.85401153564453,0.006448072053899523
0.0031535499999999998,52.20651626586914,-92.79402160644531,0.006291289537330158
0.00645165,42.37000274658203,-75.32884216308594,0.0064716676433818066
0.00819805,39.056148529052734,-74.99118041992188,0.006444020868912048
0.007118350000000001,40.867435455322266,-76.96708679199219,0.006420143495233788
0.00374945,47.30002975463867,-87.209716796875,0.006382420633599395
0.00328925,50.031681060791016,-86.80752563476562,0.006413194046217541
0.006310050000000001,41.947269439697266,-76.98373413085938,0.006473079019997385
0.00590885,44.34947967529297,-78.94259643554688,0.006452255229305592
0.00635135,42.778446197509766,-78.9155044555664,0.0064392268541269004
0.00811545,40.77463150024414,-74.07855987548828,0.006524761556647718
0.00492945,42.781532287597656,-78.76663970947266,0.006425350670724583
0.007708350000000001,40.267555236816406,-72.44023895263672,0.006492701390925504
0.00553715,44.03984069824219,-79.76810455322266,0.00632907870112831
0.00593835,43.418190002441406,-79.50033569335938,0.006451280955843686
0.007265850000000001,40.62916946411133,-75.94196319580078,0.006433558019125485
0.00435125,44.505516052246094,-81.87507629394531,0.006438943842113076
0.007749650000000002,41.18590545654297,-76.60353088378906,0.006469615345849888
0.00824525,38.63465118408203,-71.27024841308594,0.006470859125329298
0.00459905,43.89597702026367,-81.46556091308594,0.006415129087145033
0.006870550000000001,41.11634826660156,-77.30999755859375,0.0063928871668395
0.005661050000000001,43.53840255737305,-77.35494232177734,0.006415711686713621
0.0050710500000000006,43.086185455322266,-80.22456359863281,0.006409788693417795
0.00340135,50.416236877441406,-87.55409240722656,0.006406901479749649
0.00540735,44.499446868896484,-78.60993957519531,0.006452881416407763
0.006374950000000001,41.192726135253906,-77.37422943115234,0.006437944398385298
0.0067348500000000006,41.4398193359375,-76.31666564941406,0.00643108273834514
0.00739565,41.15484619140625,-75.5737075805664,0.006374789745677845
0.00805645,41.01881790161133,-74.96942901611328,0.006520253623421013
0.00576135,43.676719665527344,-77.96068572998047,0.006448894077948353
0.00436895,43.26584243774414,-79.74961853027344,0.0063880145717121195
0.0035311500000000003,50.01864242553711,-84.76549530029297,0.006442021981456492
0.0053542500000000005,44.48756790161133,-79.5312728881836,0.006439173444050539
0.00347805,52.1827392578125,-87.80984497070312,0.006363277725540684
0.00320665,51.86479187011719,-91.18773651123047,0.006304546286628465
0.005897050000000001,43.13965606689453,-78.1036376953125,0.006446035717999621
0.00389695,47.37907791137695,-82.8566665649414,0.0063893749938870315
0.006876450000000001,41.139442443847656,-75.8381576538086,0.006471289475484809
0.0040031500000000005,45.63569259643555,-84.51435852050781,0.006428496953958529
0.008522550000000002,37.866783142089844,-72.02392578125,0.006437752858801105
0.00383205,46.057186126708984,-82.80118560791016,0.006379851424753724
0.006599150000000001,40.46284103393555,-74.44671630859375,0.006440970969379123
0.00454005,44.89918518066406,-82.8222885131836,0.006442449875976308
0.00690005,41.33418273925781,-77.86384582519531,0.006425290507650061
0.008622850000000001,38.01083755493164,-72.86089324951172,0.0064326236497436184
0.00795025,39.69761657714844,-75.29334259033203,0.006425894594030979
0.00446925,44.499610900878906,-81.13068389892578,0.006436839362322644
0.00854615,37.872615814208984,-73.14620208740234,0.006419654209821601
0.00433355,45.13924026489258,-82.76386260986328,0.006447405348808388
0.00622155,41.28705978393555,-76.07746124267578,0.006434558076762187
0.00866415,39.69686508178711,-72.268798828125,0.006462881992774783
0.00872315,38.67484664916992,-72.64291381835938,0.006476204430327925
0.00822165,39.4845085144043,-75.61003875732422,0.0064486215023862314
0.00323615,51.65223693847656,-90.44879913330078,0.0063250029597838875
0.00360785,46.298702239990234,-85.09351348876953,0.006392687032530375
0.006953150000000002,43.10031509399414,-77.72480010986328,0.006512547224701848
0.00678205,40.854347229003906,-76.61674499511719,0.006425706737900327
0.00833965,39.594539642333984,-75.7339096069336,0.006442077847168548
0.005189050000000001,42.97355651855469,-81.00611114501953,0.006432273107748188
0.007684750000000001,40.424766540527344,-76.00460815429688,0.00642277777842537
0.00769065,40.56935501098633,-76.08834075927734,0.006424786488423706
0.00487635,42.72352600097656,-81.2904281616211,0.006387713142430584
0.006610950000000001,42.1336555480957,-74.42082214355469,0.006466474587796256
0.00547815,44.27745819091797,-78.39260864257812,0.006450233627219859
0.00366095,46.38123321533203,-84.0405044555664,0.006421356579267012
0.00381435,46.5429573059082,-85.22093200683594,0.006373553947014443
0.006551950000000001,41.30683517456055,-74.36956024169922,0.006454535287048202
0.00481735,42.56073760986328,-80.61918640136719,0.006421586795113399
0.007672950000000001,40.420753479003906,-78.0777816772461,0.0064287185750799836
0.00413885,46.23581314086914,-84.70372772216797,0.006421979082915641
0.00355475,47.718475341796875,-86.19554138183594,0.006424861385312397
0.00377895,47.46631622314453,-84.52533721923828,0.006435255477299506
0.00410345,46.07871627807617,-83.74571990966797,0.006426681625271158
0.00378485,47.57317352294922,-84.7341079711914,0.0064364090121671325
0.00825115,39.51741027832031,-71.73452758789062,0.006454227104768506
0.0073720500000000015,40.43796920776367,-77.813720703125,0.0064305203977710335
0.00851665,37.8828239440918,-73.21342468261719,0.006434322335735487
0.006846950000000001,42.080204010009766,-76.13107299804688,0.006458876850956585
0.007525450000000001,40.908077239990234,-77.0680160522461,0.00642994516510953
0.00712425,41.254608154296875,-73.6850357055664,0.006480674301201361
0.00407395,44.96181869506836,-80.98869323730469,0.006393571675289422
0.007531350000000001,40.49532699584961,-76.55352020263672,0.0064377786429759
0.00592655,43.53507614135742,-79.61699676513672,0.006445227199947112
0.0037671500000000004,47.40660858154297,-83.85401153564453,0.006432303189285449
0.0036137499999999998,47.33875274658203,-83.20417022705078,0.006437606134568341
0.00517725,43.18000030517578,-80.1749267578125,0.006441041568905348
0.00597375,43.69215774536133,-77.40238189697266,0.006431486076508008
0.006994450000000001,42.0772819519043,-77.25535583496094,0.006508314936581883
0.00346035,52.3790397644043,-90.61946868896484,0.006313721155493113
0.00425685,45.00371551513672,-83.59671020507812,0.006435016052819265
0.00565515,43.72175216674805,-78.5234603881836,0.00642470238290116
0.00818625,39.50157165527344,-74.9848861694336,0.006445216149586486
0.00589115,42.56898498535156,-79.58609771728516,0.006430110920518928
0.007678850000000001,40.5744514465332,-75.26055908203125,0.006444016571549582
0.00674665,40.38094711303711,-74.06500244140625,0.0064413116888317745
0.00386745,46.95197296142578,-81.79329681396484,0.006431830479414202
0.00781455,41.106170654296875,-74.2182846069336,0.006478213140326261
0.00494125,42.50897216796875,-77.95799255371094,0.006415930238290457
0.00334825,50.09834289550781,-86.70052337646484,0.006361373380059376
0.007289450000000001,40.528865814208984,-75.93043518066406,0.0064180224399024155
0.0040621500000000005,46.09442138671875,-82.30036163330078,0.0064701819837864605
0.00440435,45.4265022277832,-80.57112884521484,0.0064492605815758
0.0044633500000000005,44.80193328857422,-82.85503387451172,0.00643317862341064
0.00383795,47.09906768798828,-82.52513122558594,0.006439433741434186
0.00867595,38.27098083496094,-73.00337982177734,0.006432330815187015
0.0051182499999999995,43.04026794433594,-79.02193450927734,0.006416391897801077
0.00806825,39.111446380615234,-71.56779479980469,0.006447525061048509
0.007012150000000002,40.94126892089844,-79.9649429321289,0.006432330201278091
0.00463445,42.669795989990234,-79.34957122802734,0.006428423898796609
0.006693550000000001,41.8181037902832,-78.6142578125,0.0064269130689353915
0.00393825,46.39992904663086,-83.9333267211914,0.006391927013282839
0.007885350000000001,40.56117248535156,-76.87255859375,0.006453087075897201
0.00550175,43.97697448730469,-77.5433120727539,0.006464417378992948
0.0074782500000000005,40.73748779296875,-77.11690521240234,0.006425555716305098
0.0074310500000000015,40.73884201049805,-76.37432098388672,0.00644097710846836
0.00704165,40.91359329223633,-76.59259033203125,0.006430101711885072
0.00675845,41.47834014892578,-76.65729522705078,0.006431077213164826
0.005366050000000001,44.649112701416016,-78.71121978759766,0.006437826527871948
0.008481250000000001,38.8103141784668,-74.41728210449219,0.006450678711189539
0.00646345,42.242061614990234,-77.5641860961914,0.006425485116778873
0.00775555,40.25611877441406,-78.0428466796875,0.0064271580185959465
0.00302375,52.58258819580078,-93.27272033691406,0.006294148511187814
0.00816855,40.1568489074707,-74.85273742675781,0.006496152172985603
0.005737750000000001,43.709571838378906,-78.21146392822266,0.006431937913475849
0.00718325,41.23895263671875,-71.8143539428711,0.006481032210103876
0.007608050000000002,40.52213668823242,-77.12240600585938,0.006415785355784465
0.0045518500000000005,44.939327239990234,-83.72637176513672,0.006430624148379138
0.0049235500000000005,43.35490417480469,-79.50350952148438,0.006338129560390371
0.0034426500000000002,46.91094970703125,-83.13600158691406,0.006410319724636793
0.00357835,47.01144790649414,-85.10155487060547,0.006428709366446128
0.00431585,43.3963508605957,-78.94827270507812,0.006388207953023084
0.00307685,50.962310791015625,-89.60957336425781,0.006350088506223983
0.00809775,40.19001770019531,-77.70530700683594,0.006443085885621258
0.00485865,42.96221923828125,-79.25719451904297,0.006378177295118803
0.007785050000000002,40.67875671386719,-74.87869262695312,0.00646191508621996
0.0051477499999999995,42.9483528137207,-80.8702392578125,0.006416071437342907
0.00694725,41.1185188293457,-73.21883392333984,0.006489385668828618
0.00617435,42.815155029296875,-76.69908905029297,0.006430899179576954
0.00626875,42.003177642822266,-76.6531982421875,0.006445970643653709
0.00836915,39.209590911865234,-74.69219970703125,0.006443541406042641
0.00428045,44.970157623291016,-80.62495422363281,0.006429828522414027
0.00727765,40.85209274291992,-74.57213592529297,0.00644614683551481
0.00464625,44.39582061767578,-80.26483154296875,0.0064438987010362325
0.0057259500000000005,43.8569450378418,-79.71649169921875,0.006443844677050947
0.0038733500000000002,48.84358596801758,-83.85633087158203,0.006435583918573684
0.004475150000000001,44.58570098876953,-79.60295867919922,0.006447733176173642
0.00815085,39.54466247558594,-76.19281005859375,0.006444969972108083
0.00553125,44.06096649169922,-78.09187316894531,0.00646236999273242
0.00552535,44.0753173828125,-78.80127716064453,0.006467553839684115
0.0050592499999999995,42.92737579345703,-79.16681671142578,0.006442130643335986
0.00382615,47.38859558105469,-86.02064514160156,0.006381489947671071
0.00296475,52.72807693481445,-93.55648040771484,0.006292405009844515
0.00503565,42.72772979736328,-79.14461517333984,0.006396895378202316
0.007136050000000001,40.76712417602539,-74.24024200439453,0.006395579771378834
0.0065873500000000005,40.507633209228516,-75.69928741455078,0.006441457799155614
0.00534835,44.34626770019531,-79.35930633544922,0.006443208667405997
0.00322435,52.358943939208984,-86.11043548583984,0.006387888106473838
0.00338955,49.49386978149414,-89.9433822631836,0.006309385116765043
0.007348450000000001,41.11023712158203,-75.20914459228516,0.006420872819035139
0.00620975,42.40731430053711,-75.69815063476562,0.006443587449211918
0.00715375,42.012664794921875,-75.54669952392578,0.0065012242885131855
0.00604455,42.29374694824219,-78.90180206298828,0.006420574459298223
0.00777915,40.32247543334961,-76.48052215576172,0.006440743209168431
0.00579085,43.95820999145508,-77.34967803955078,0.006457875565502036
0.00797975,39.45945358276367,-75.1567611694336,0.006448204658227041
0.00799155,39.1579475402832,-71.99347686767578,0.006460599479396478
0.00414475,45.2917366027832,-84.02359771728516,0.006421026910174987
0.00837505,39.1109504699707,-74.17093658447266,0.006388309861904418
0.00441025,45.040653228759766,-83.01191711425781,0.006443062557082158
0.00395595,44.47248458862305,-81.08775329589844,0.006393172634489019
0.005425050000000001,42.96941375732422,-77.28874206542969,0.006430578719118785
0.00471705,43.12522888183594,-79.8189468383789,0.006414472204596677
0.007354350000000001,40.512290954589844,-73.16592407226562,0.006450604428209772
0.00862875,39.104705810546875,-70.47200775146484,0.006532800694003527
0.00653425,42.64794921875,-79.41839599609375,0.006429018776543671
0.00598555,43.55588150024414,-78.04534149169922,0.006473329494838254
0.00345445,47.79484558105469,-82.6454086303711,0.006368546291923849
0.00471115,43.922462463378906,-81.03199768066406,0.006457556946770637
0.0064398500000000004,42.450809478759766,-76.42688751220703,0.0064500611188123
0.00858745,37.89306640625,-72.86336517333984,0.00641965236809483
0.005006150000000001,43.089908599853516,-81.11394500732422,0.00643101643618138
0.005159550000000001,42.75316619873047,-78.50731658935547,0.006364725936691684
0.00510645,42.946311950683594,-78.9195327758789,0.006430146527236502
0.00710065,40.997894287109375,-75.122802734375,0.006484600248768402
0.00591475,43.50178909301758,-80.48114776611328,0.006431505107684643
0.008776250000000001,39.15267562866211,-72.39990997314453,0.006476516909970087
0.0057849500000000005,43.87800216674805,-77.7741470336914,0.0064542995460215025
0.00522445,42.9371223449707,-78.35749816894531,0.006452961838476767
0.00324205,51.439151763916016,-87.36360168457031,0.006352693321787228
0.0046108500000000005,44.74727249145508,-82.3305892944336,0.006437842489503964
0.00647525,40.825443267822266,-76.31954193115234,0.006436277021748538
0.005779050000000001,43.58013916015625,-79.01295471191406,0.006435822729145002
0.006793850000000001,42.812198638916016,-77.6184310913086,0.006515756740554934
0.005979650000000001,42.79209518432617,-78.35658264160156,0.006425501692319813
0.006428049999999999,40.9602165222168,-75.43961334228516,0.00644569684027374
0.00393235,46.36908721923828,-83.07872009277344,0.00644753856704483
0.00766115,40.48393630981445,-76.46797180175781,0.006418459543056088
0.00724225,40.62187957763672,-72.1369857788086,0.0064840422055567615
0.00373175,45.518524169921875,-85.03284454345703,0.006397801507773693
0.00310045,51.90589904785156,-92.30760955810547,0.00629782459782291
0.007177350000000001,41.55202102661133,-73.20527648925781,0.006483559059233812
0.00544275,44.224945068359375,-77.73397827148438,0.006462132409978949
0.00528345,45.1431770324707,-79.92695617675781,0.006443717597903742
0.0048645500000000005,43.480194091796875,-77.56903076171875,0.006481237255684391
0.00474065,42.98728942871094,-80.77169799804688,0.006419606324925553
0.00506515,43.18254089355469,-79.826904296875,0.006421948387469456
0.00639265,43.437744140625,-74.57072448730469,0.006517805968542234
0.007826350000000001,40.298667907714844,-74.89026641845703,0.006439525827772741
0.00669945,42.23221206665039,-78.2320785522461,0.006456404025811935
0.0074369499999999995,40.55837631225586,-74.27912139892578,0.006471509254879493
0.00825705,39.93715286254883,-74.43234252929688,0.0064837426180019975
0.00350755,48.51728439331055,-84.37196350097656,0.0063658082581241615
0.0066168500000000005,43.621646881103516,-76.27662658691406,0.0065031734493459226
0.00306505,52.51324462890625,-91.10136413574219,0.0063450372635998065
0.00807415,40.05284881591797,-72.99544525146484,0.006505120154542965
0.0064988500000000005,40.766029357910156,-75.3104019165039,0.006438000878006278
0.006669950000000001,41.81159210205078,-77.94577026367188,0.006479246349044843
0.0058734500000000005,43.22167205810547,-77.17084503173828,0.006421225816666265
0.007560850000000001,41.957035064697266,-76.49549865722656,0.006506960653496208
0.0039028500000000002,47.394775390625,-85.02737426757812,0.006339136984934157
0.00353705,47.02190017700195,-84.12328338623047,0.006415218103938969
0.006333650000000001,42.2379035949707,-77.38748168945312,0.006447924715757836
0.00304735,52.49300003051758,-92.4499740600586,0.006306157183644245
0.008534350000000001,39.48112106323242,-75.16229248046875,0.006453044102272543
0.00734255,40.457515716552734,-73.26216125488281,0.00642077827706089
0.005513550000000001,44.47061538696289,-78.83780670166016,0.00646699334083678
0.00387925,47.091644287109375,-82.9684829711914,0.00645109064407734
0.00721275,40.842201232910156,-72.84176635742188,0.00648107763936423
0.00839865,39.38422393798828,-74.24772644042969,0.0063896420442688395
0.00497075,42.76762390136719,-80.38622283935547,0.006418738257707446
0.006457550000000001,42.60101318359375,-77.45000457763672,0.00642264149064431
0.0073307500000000005,41.2199821472168,-73.52516174316406,0.006478115528807393
0.006369049999999999,42.125240325927734,-77.52548217773438,0.006429441759792098
0.00867005,38.88203430175781,-73.76138305664062,0.006468484525612439
0.00405625,44.94971466064453,-81.31948852539062,0.006393841795215849
0.00564335,43.9050178527832,-78.21144104003906,0.006452970433201699
0.00348985,47.04090881347656,-88.48478698730469,0.00637860027836723
0.00748415,40.78089141845703,-77.50361633300781,0.006425392416531395
0.00740155,40.17726516723633,-75.37709045410156,0.006450886826314672
0.007171450000000001,40.000648498535156,-75.03492736816406,0.006449520878959447
0.008805750000000001,37.74576950073242,-73.29019165039062,0.006437860906771675
0.00315945,52.2842903137207,-91.02178955078125,0.006296246237980085
0.007407450000000001,39.94829559326172,-73.01573181152344,0.006429636982829834
0.007318949999999999,40.24419021606445,-70.91841125488281,0.006476935595856048
0.00438075,44.49629592895508,-82.87337493896484,0.0064331387193306
0.00583215,44.604515075683594,-75.87345123291016,0.006534722228934697
0.008321950000000002,39.96684646606445,-75.64904022216797,0.006459508563239069
0.00335415,50.05400466918945,-86.60070037841797,0.006355002847158175
0.00445745,45.01115798950195,-81.13964080810547,0.0064255993038386805
0.00543685,44.10353469848633,-79.22154235839844,0.006469156141974963
0.006634550000000001,40.73182678222656,-73.73152160644531,0.006441893060582515
0.00360195,46.80925369262695,-85.9679946899414,0.006365082617776352
0.008327850000000001,39.378814697265625,-72.29798126220703,0.0064862749923122465
0.00864055,37.558143615722656,-71.15335083007812,0.006437124216063239
0.00439255,44.073143005371094,-82.75938415527344,0.006417220674848068
0.00389105,47.542259216308594,-82.8936767578125,0.006430538815038744
0.00700625,41.00078201293945,-80.18818664550781,0.0064320324554500985
0.00812725,39.850868225097656,-72.29206848144531,0.006485708968284598
0.00561385,43.78104019165039,-78.95025634765625,0.006434189117499045
0.00570235,43.99322509765625,-78.1345443725586,0.006450689761550166
0.00861695,37.88730239868164,-73.00090789794922,0.006435889031308761
0.00728355,40.820411682128906,-77.62391662597656,0.0064259191503879265
0.00664045,40.909854888916016,-77.74677276611328,0.006432388522625843
0.00499435,42.4699821472168,-79.38775634765625,0.006417005806724774
0.008003350000000001,40.375709533691406,-72.33150482177734,0.006494194417427934
0.006776150000000001,41.65196990966797,-75.80530548095703,0.006485330800387601
0.007625750000000001,39.96406936645508,-73.20027160644531,0.006443318557103339
0.00757855,40.251068115234375,-76.4217758178711,0.006432855093407852
0.00348395,49.65922546386719,-86.13446044921875,0.0064238300183205865
0.007383850000000001,40.490379333496094,-72.46469116210938,0.0064810401909198845
0.007442850000000001,40.745330810546875,-76.91162872314453,0.006442907852033386
0.00422735,44.82706069946289,-83.19673919677734,0.00643851103632187
0.00855205,37.92829132080078,-72.84234619140625,0.0064367914774265955
0.00312995,52.1657600402832,-92.53512573242188,0.0063044020180313964
0.0050297499999999995,43.090370178222656,-79.68515014648438,0.0064474249938939465
0.0065578500000000005,41.3868522644043,-75.4944839477539,0.006462992496381048
0.00443975,44.814491271972656,-82.93475341796875,0.006422921433113515
0.0050415500000000005,42.630706787109375,-79.7717514038086,0.006434214287764917
0.00384975,46.02081298828125,-82.49728393554688,0.006378398302331334
0.00585575,43.491363525390625,-79.7463607788086,0.0064431841110490495
0.00710655,41.24571990966797,-76.27384948730469,0.006446768111345591
0.00451645,43.483699798583984,-79.62771606445312,0.006412205038941465
0.00495895,43.087318420410156,-81.10177612304688,0.006392695013346383
0.00570825,43.528106689453125,-78.76801300048828,0.006422610795198125
0.00789715,40.557525634765625,-76.86124420166016,0.006453038577092229
0.005720050000000001,43.54983901977539,-78.1780776977539,0.006421285365831864
0.0059029500000000006,43.39406967163086,-78.01345825195312,0.006434193414861511
0.00462855,43.53095245361328,-78.34268188476562,0.006416442852241744
0.00551945,44.31869125366211,-78.4078598022461,0.006461274779212545
0.00370815,48.699684143066406,-84.53263854980469,0.006410626679098641
0.00424505,44.864444732666016,-83.92208862304688,0.006420886325031461
0.00580265,43.39427185058594,-79.1962890625,0.006423375111808127
0.006256950000000001,42.40949249267578,-78.84640502929688,0.006435050431718992
0.00469345,44.2674446105957,-81.8221664428711,0.006440455899792141
0.00337775,49.4932975769043,-86.47193908691406,0.006406319494089985
0.00460495,44.181949615478516,-80.20716857910156,0.006431589827116113
0.00763165,40.13405227661133,-72.14157104492188,0.006476497878793452
0.006239250000000001,42.400108337402344,-78.4448013305664,0.006440789252337709
0.0034957499999999997,49.43181228637695,-85.52000427246094,0.006371178119479737
0.0042096500000000005,44.748878479003906,-80.76730346679688,0.006438038940359547
0.006516550000000001,41.95628356933594,-73.68209838867188,0.006465885849138431
0.00520085,42.841400146484375,-79.76117706298828,0.0064388664895886905
0.006315950000000001,41.144737243652344,-79.1462631225586,0.006431244196392072
0.00465805,42.8590087890625,-80.51744079589844,0.0064052654124679975
0.00541325,44.89942932128906,-78.42127227783203,0.006454182903326
0.008557950000000002,39.29022216796875,-72.45375061035156,0.006470695211646671
0.006728950000000001,41.45928192138672,-75.47205352783203,0.006461376688093878
0.00305915,51.63858413696289,-92.8388671875,0.006285112999648845
0.00612715,43.012474060058594,-75.4842758178711,0.0064732386363175465
0.00579675,43.54053497314453,-78.58194732666016,0.0064444960344189894
0.00629235,41.882843017578125,-76.45813751220703,0.006487695577561681
0.008740850000000001,37.723934173583984,-72.80545806884766,0.006439675007641199
0.007967950000000001,39.5490608215332,-75.77828979492188,0.0064458865381311625
0.00556665,43.64210891723633,-77.69922637939453,0.006437319439100975
0.006433950000000001,41.829124450683594,-78.32244873046875,0.006435979275920545
0.00813315,39.88897705078125,-76.46726989746094,0.00644440640371613
0.00800925,41.012451171875,-74.40946197509766,0.00652308619919495
0.00308865,51.98860168457031,-91.61486053466797,0.006305679562501609
0.005336550000000001,45.13216781616211,-78.91546630859375,0.00644591109448811
0.00297065,52.695213317871094,-93.62387084960938,0.006292535158536339
0.00635725,42.6833610534668,-76.28113555908203,0.006423302670555131
0.00609175,44.0818977355957,-75.78671264648438,0.006512886716336652
0.00333055,50.3710823059082,-86.39348602294922,0.006420756790248561
0.005690550000000001,43.499107360839844,-76.2842788696289,0.006445330336646293
0.0030945499999999997,52.01578140258789,-92.61219787597656,0.006290894793892221
0.00537195,44.531288146972656,-79.6467514038086,0.006432559803215554
0.008475350000000001,39.107383728027344,-73.97320556640625,0.006478680325017194
0.00668175,41.39314270019531,-75.30774688720703,0.006475398981820035
0.00816265,39.73129653930664,-74.59333038330078,0.006460900908678013
0.006717150000000001,41.820350646972656,-78.84783935546875,0.0064481721210540854
0.00797385,40.12702178955078,-77.30467987060547,0.006447184955504781
0.00511235,43.165184020996094,-79.61043548583984,0.0064422429886690225
0.006894150000000002,41.136573791503906,-75.90603637695312,0.006444804216698685
0.00388515,47.10214614868164,-82.26317596435547,0.006448943804571172
0.004298150000000001,45.30149459838867,-83.04447174072266,0.0064471579435121384
0.007767350000000001,40.36717224121094,-76.52643585205078,0.00644522351649357
0.008439950000000002,39.72023391723633,-76.32566833496094,0.006454125809796096
0.00311815,51.53110885620117,-92.71844482421875,0.006293847081906279
0.00491175,43.70317459106445,-80.700439453125,0.006448946260206867
0.00869365,37.593753814697266,-70.13388061523438,0.006451304284382786
0.0075667500000000006,40.57258605957031,-73.42420196533203,0.006473320900113322
0.00707705,39.362117767333984,-73.49823760986328,0.00645238599190634
0.00412705,45.77429962158203,-84.84876251220703,0.006429327572732291
0.00295885,53.82745361328125,-93.7312240600586,0.00629261680842319
0.005454550000000001,43.691612243652344,-78.37588500976562,0.00636838544778584
0.00455775,44.486724853515625,-82.05874633789062,0.006420209183488623
0.00557845,43.842559814453125,-77.58446502685547,0.006438695822907903
0.005395550000000001,43.22443771362305,-76.83172607421875,0.0064161174805121846
0.007147850000000001,41.88914108276367,-74.84320068359375,0.006508241881419963
0.00599735,42.827999114990234,-79.71733093261719,0.0064407327727167285
0.00628055,41.606388092041016,-77.21334838867188,0.006457632457568252
0.008416350000000001,38.58484649658203,-73.27287292480469,0.006453983382925799
0.00419195,44.935569763183594,-83.71846771240234,0.006432156465052685
0.005248050000000001,43.22090148925781,-80.2398910522461,0.0064428360246893135
0.006286450000000001,42.89506530761719,-78.04122924804688,0.006436766921069648
0.00870545,39.16871643066406,-72.20587158203125,0.006479282569671341
0.00530115,45.0700798034668,-79.76376342773438,0.006444835526053794
0.006345450000000001,42.58094024658203,-77.60443878173828,0.006440738297897042
0.006941350000000001,41.16001892089844,-76.21253967285156,0.006422515025406028
0.007023950000000001,41.11423110961914,-79.74849700927734,0.006430832263504271
0.0071950500000000014,40.667091369628906,-74.33479309082031,0.006445691315093427
0.008357350000000001,39.72549819946289,-75.79544067382812,0.006451885042224603
0.00357245,46.66500473022461,-83.43108367919922,0.006417250142476405
0.00438665,44.40452194213867,-81.30078887939453,0.006426058507713606
0.00567875,43.515689849853516,-77.82664489746094,0.006424982325370365
0.00304145,52.290061950683594,-89.49838256835938,0.006400952088370104
0.00602685,43.27091598510742,-76.14482116699219,0.006427375342354935
0.006852850000000001,41.82779312133789,-74.53914642333984,0.0064476073248442844
0.00614485,42.58535385131836,-77.8642349243164,0.006464654347837495
0.00869955,38.9595832824707,-74.2175521850586,0.006467093407991342
0.008062350000000001,40.23689270019531,-73.37662506103516,0.006498776019725483
0.00644575,42.524864196777344,-77.75777435302734,0.006440101060434245
0.00317125,52.319766998291016,-92.35838317871094,0.006307562421170587
0.00439845,44.76345443725586,-82.62955474853516,0.006435067007259931
0.006180250000000001,42.34079360961914,-79.62360382080078,0.006426425011341053
0.008239350000000001,39.65812683105469,-74.28298950195312,0.006454989579651738
0.007141949999999999,41.116668701171875,-77.0073013305664,0.0064248300759572885
0.00652245,40.708152770996094,-75.09004211425781,0.006432146028600982
0.006540150000000001,40.76904296875,-75.12708282470703,0.006436044350266457
0.004947150000000001,43.50229263305664,-79.49412536621094,0.006442987046284543
0.00730715,40.56299591064453,-77.02607727050781,0.006442543804041634
0.00426275,44.829715728759766,-82.63284301757812,0.006441762297981768
0.00792665,39.610599517822266,-73.85924530029297,0.006443942902478739
0.006988550000000001,41.106990814208984,-79.49342346191406,0.006421990747185191
0.006298250000000001,42.162498474121094,-78.7249526977539,0.006428490814869292
0.006811550000000001,41.514488220214844,-79.53270721435547,0.006431068618439895
0.00430995,45.607059478759766,-83.88330841064453,0.006414166477952676
0.00369045,46.09225845336914,-85.82283020019531,0.0063779538322705775
0.006215650000000001,41.097755432128906,-76.95088195800781,0.006433413750528416
0.00392645,46.34474563598633,-85.40888977050781,0.00639773459170101
0.008345550000000002,39.92918014526367,-76.02837371826172,0.006449014404097397
0.00695905,39.64156723022461,-73.6058349609375,0.0064463561784577905
0.0032125499999999998,51.95304489135742,-90.64236450195312,0.00630104639185447
0.00416835,45.62688446044922,-83.54818725585938,0.006433287899199058
0.0052067500000000004,42.9410514831543,-79.40341186523438,0.006433192743315885
0.00757265,40.680572509765625,-76.2368392944336,0.006426573577300587
0.0074487500000000005,40.799034118652344,-76.99417114257812,0.006415264147108246
0.008209850000000001,39.370967864990234,-72.13169860839844,0.0064855119035200914
0.008286550000000002,39.7292594909668,-75.34062194824219,0.006438886134674249
0.0057554500000000005,43.75064468383789,-79.05419158935547,0.0064457226244485355
0.00515365,43.0533561706543,-81.34093475341797,0.006415986717911437
0.00332465,50.03470230102539,-87.36231231689453,0.006422729893529322
0.00558435,43.82387924194336,-79.69602966308594,0.0064425100390508305
0.00582035,43.20640563964844,-79.85980987548828,0.0064262389969371725
0.007466450000000001,40.812164306640625,-77.45622253417969,0.006432436407521891
0.00339545,48.04207992553711,-84.56684112548828,0.006415531811398978
0.00801515,39.813560485839844,-72.76178741455078,0.006490832038252847
0.00783815,41.18560791015625,-74.57723999023438,0.006464794932981022
0.00827475,39.504058837890625,-76.93669128417969,0.006353086837407318
0.005330650000000001,44.28690719604492,-79.16323852539062,0.006427162315958412
0.00632775,42.22136306762695,-78.71747589111328,0.006435796331061283
0.00615075,43.09196472167969,-78.92044830322266,0.006426795198422042
0.00525985,44.69468307495117,-82.00997924804688,0.00644711496988748
0.00842815,37.74772644042969,-71.14561462402344,0.006438286345655797
0.0076139499999999995,40.423789978027344,-76.27967071533203,0.0064227206848954665
0.0038438500000000002,47.499027252197266,-86.27469635009766,0.006386499444488436
0.00305325,52.68870162963867,-92.38346099853516,0.006302003475866513
0.00307095,51.00032424926758,-89.75995635986328,0.006350483863570844
0.005218550000000001,43.11973190307617,-77.84717559814453,0.006469374693551799
0.00484095,44.0704460144043,-80.67330169677734,0.0064495000060560415
0.00488815,43.263389587402344,-79.337890625,0.006454461617977358
0.007472350000000001,40.61043930053711,-76.23018646240234,0.00644336521418154
0.00706525,40.889102935791016,-78.56941986083984,0.006451359536185919
0.007200949999999999,41.2430534362793,-77.44498443603516,0.006430476810237451
0.006492950000000001,40.56841278076172,-75.89342498779297,0.006428580445572152
0.006015050000000001,42.577144622802734,-79.02820587158203,0.0064396295783808455
0.00373765,47.534706115722656,-82.88798522949219,0.006370681467160466
0.00875265,37.705291748046875,-73.06707763671875,0.006422645174097852
0.00465215,42.68836975097656,-80.05973052978516,0.006410598439288151
0.0065283500000000005,42.283424377441406,-75.2630844116211,0.006482919980044244
0.00549585,43.0206413269043,-77.14900970458984,0.006425539754673082
0.006138950000000001,42.610755920410156,-79.77195739746094,0.006437859678953828
0.00813905,39.85148620605469,-75.10887908935547,0.006442016456276178
0.00603275,42.67959976196289,-79.53131866455078,0.006425730680348352
0.007584450000000001,40.822086334228516,-75.38477325439453,0.00643519470031606
0.00329515,51.3731803894043,-90.58875274658203,0.006314694815046096
0.00884705,37.84494400024414,-71.6643295288086,0.006438103400796535
0.00380845,47.15445327758789,-82.13470458984375,0.0064358847339462955
0.008510750000000001,37.884979248046875,-73.32329559326172,0.006441963046199817
0.00343085,47.56442642211914,-88.15628051757812,0.006356460880851955
0.00543095,44.62689208984375,-78.77238464355469,0.006458566213041195
0.00334235,50.266788482666016,-86.9178695678711,0.006417732060981507
0.00561975,43.58385467529297,-77.3823013305664,0.006453290279750945
0.00376125,46.705711364746094,-82.6157455444336,0.006423642162189935
0.00513595,42.94403839111328,-79.99705505371094,0.006430857433770143
0.00736615,40.11298370361328,-75.9812240600586,0.006443183497140126
0.005956050000000001,42.845699310302734,-80.24916076660156,0.006438862192226225
0.008687750000000001,38.13231658935547,-73.65042877197266,0.006440884408220882
0.00787945,40.55840301513672,-74.18743133544922,0.00646170083200559
0.007413350000000001,40.68131637573242,-70.71719360351562,0.006471046981459949
0.00436305,44.608821868896484,-81.60891723632812,0.006442919516302936
0.006964950000000001,42.24958801269531,-76.12954711914062,0.006506510658255138
0.00796205,39.55080795288086,-75.36486053466797,0.0064381801394119975
0.00356655,46.89353561401367,-87.3870849609375,0.006371000085891865
0.00519495,42.79585647583008,-78.78943634033203,0.0064544149608991574
0.006227450000000001,42.75288391113281,-76.00365447998047,0.0063896623032633215
0.007596250000000001,40.75928497314453,-76.69872283935547,0.006431327074096771
0.007059350000000001,41.06502151489258,-77.29820251464844,0.006419839610316558
0.0042391500000000006,45.032657623291016,-83.17340850830078,0.006440230595217145
0.00374355,47.0728874206543,-83.76406860351562,0.006381857679116365
0.00786765,40.74838638305664,-76.49332427978516,0.006440682432184985
0.0056374500000000004,43.68345260620117,-78.77629089355469,0.0064239884068229
0.00496485,43.01986312866211,-81.10726928710938,0.006393836883944459
0.00793845,39.76903533935547,-75.7115707397461,0.006455875450228632
0.00327155,50.54472732543945,-92.243896484375,0.006284446294557711
0.005920650000000001,42.465946197509766,-78.75802612304688,0.006445433473345474
0.00524215,42.9207878112793,-80.0224380493164,0.006381371463248797
0.00408575,46.35496139526367,-84.34442901611328,0.006430066105167498
0.00478785,43.297367095947266,-79.84547424316406,0.006470515336332028
0.00299425,51.47048568725586,-90.60313415527344,0.006345175393107638
0.008380950000000002,39.28114318847656,-72.70940399169922,0.006471401206908922
0.005277550000000001,42.372257232666016,-79.13700103759766,0.006429513587136171
0.005360150000000001,44.69710922241211,-78.55144500732422,0.006442187122956966
0.008422250000000001,38.45480728149414,-71.20526885986328,0.006470134712799336
0.008504850000000001,38.73851776123047,-74.04505157470703,0.00644592767002905
0.006038650000000001,42.47003173828125,-76.09848022460938,0.006468313858931651
0.00395005,44.763221740722656,-81.06892395019531,0.006404117402780685
0.008392750000000001,39.70340347290039,-72.38516235351562,0.006535881288982637
0.00411525,44.85258865356445,-81.02880859375,0.006399365747711272
0.00318895,52.811370849609375,-91.7430419921875,0.0063156488295135205
0.00398545,45.70912551879883,-81.70404815673828,0.006452152092606411
0.00534245,43.351585388183594,-80.04316711425781,0.006448088015531539
0.00509465,42.267574310302734,-79.84066772460938,0.006359979192893661
0.00316535,52.14493179321289,-89.97795104980469,0.00634860161881079
0.008085950000000001,39.861717224121094,-73.6702880859375,0.006493773889815202
0.0049530500000000005,43.41259002685547,-79.04703521728516,0.006405130966413708
0.00448105,45.2718505859375,-78.5951156616211,0.006475433974628686
0.00638675,42.05952835083008,-80.24512481689453,0.006413457413145807
0.007000350000000001,41.64879608154297,-78.48477935791016,0.006435105069613201
0.00466985,44.66020202636719,-81.07331085205078,0.006447992245739442
0.00366685,49.83472442626953,-85.80270385742188,0.006385410983966722
0.00616255,42.29803466796875,-79.11203002929688,0.006431363294723269
0.00810955,39.736122131347656,-75.82587432861328,0.006449451507251069
0.00474655,42.73563003540039,-79.86077880859375,0.006416836367861833
0.00371405,46.61752700805664,-85.94086456298828,0.006377443060046062
0.0072540500000000015,41.165733337402344,-76.80873107910156,0.006452158231695648
0.0050120500000000005,42.74129867553711,-78.9217529296875,0.0063606686126149725
0.006363150000000001,41.553985595703125,-76.95040893554688,0.006449349598369736
0.00823345,40.74417495727539,-74.18384552001953,0.006536315936500614
0.00457545,43.4022102355957,-79.43981170654297,0.00641063650164142
0.007047550000000001,41.236507415771484,-79.6001968383789,0.006417189365492959
0.00671125,41.41637420654297,-79.76704406738281,0.00642111531306
0.00668765,41.92879867553711,-77.60011291503906,0.006426863956221496
0.00831605,39.51806640625,-73.60189056396484,0.0064584108940834994
0.006398550000000001,41.72720718383789,-78.24593353271484,0.0064331620478697005
0.00416245,43.763427734375,-81.54157257080078,0.006407390765161836
0.00857565,37.857322692871094,-73.16307067871094,0.006435389923353796
0.00363735,48.616668701171875,-85.54157257080078,0.006403475254046498
0.00692365,40.830074310302734,-75.29441833496094,0.006415911821022746
0.00451055,45.06485366821289,-79.84403228759766,0.006458284428845218
0.005991450000000001,43.52115249633789,-76.2769775390625,0.006490704959105642
0.007944350000000001,39.57223892211914,-74.73928833007812,0.006439460753426829
0.004622650000000001,44.106075286865234,-81.46990966796875,0.006438906393668731
0.0037907500000000003,47.5677375793457,-84.7404556274414,0.006436567400669446
0.00359015,46.9636116027832,-82.55218505859375,0.006428347160181147
0.00751365,40.5885124206543,-75.59400177001953,0.006434778470065794
0.0066463500000000005,41.547359466552734,-76.37214660644531,0.006420209797397547
0.0067230499999999995,40.66273880004883,-76.26608276367188,0.006432198210859497
0.0035606500000000003,47.423465728759766,-86.07298278808594,0.006329620782707934
0.00386155,46.85910415649414,-81.84426879882812,0.006432576378756494
0.004563650000000001,44.137062072753906,-80.42815399169922,0.006427576704481908
0.00865235,37.991188049316406,-72.959228515625,0.006435264072024438
0.00320075,51.769325256347656,-90.848388671875,0.00630443087175081
0.006109450000000001,42.043357849121094,-75.0490951538086,0.006433257817661797
0.0052952500000000005,45.10304641723633,-79.70333862304688,0.0064478056174266385
0.0048055500000000004,42.4976692199707,-79.47990417480469,0.006406166630767984
0.0039736500000000004,46.11130142211914,-82.0446548461914,0.006453077867263346
0.00514185,43.10637664794922,-78.26487731933594,0.00644424862912274
0.006658150000000001,41.953582763671875,-79.57926940917969,0.006454623076024291
0.00432175,45.127044677734375,-81.28555297851562,0.006444868677135673
0.00479375,42.997474670410156,-81.53858947753906,0.006388057545336778
0.00783225,41.111183166503906,-74.3188247680664,0.006484835375886178
0.008203950000000002,39.71475601196289,-71.73831176757812,0.006482452181444387
0.006970850000000001,41.57486343383789,-79.39418029785156,0.006427627045013651
0.00338365,50.468326568603516,-89.38700103759766,0.006312312234513229
0.0072717500000000004,41.7258415222168,-74.77383422851562,0.0064572407836749335
0.00733665,41.46456527709961,-76.4962158203125,0.0064492225192225305
0.00409755,44.89620590209961,-81.0152816772461,0.006393757075784379
0.00488225,43.347232818603516,-77.34481048583984,0.006500335348391673
0.00452825,44.92852783203125,-79.50801849365234,0.006456157234424609
0.00482915,43.196258544921875,-81.78187561035156,0.006419649298550212
0.0036491500000000003,47.832366943359375,-85.98844146728516,0.006378302532539237
0.004445650000000001,42.828529357910156,-78.98136901855469,0.006397719243977917
0.00319485,52.448429107666016,-93.28477478027344,0.006270247808970453
0.00582625,43.59477233886719,-80.25984954833984,0.006422705951081298
0.008451750000000001,38.346168518066406,-73.09615325927734,0.006413151072592882
0.006097650000000001,42.87532424926758,-77.0392837524414,0.006438054901991563
0.007053450000000001,40.61957931518555,-76.84690856933594,0.0064098727989403415
0.00588525,43.149417877197266,-80.59732055664062,0.0064389008684884175
0.00659325,42.10090637207031,-76.87181091308594,0.006448367344091821
0.00658145,42.10823440551758,-76.88694763183594,0.006449142097153526
0.00394415,46.42097091674805,-81.88298034667969,0.006437223055399954
0.00606815,43.46065139770508,-77.9725570678711,0.006425554488487251
0.007259949999999999,41.74922561645508,-76.24855041503906,0.0064468055597899365
0.00828065,39.80597686767578,-74.4493408203125,0.006381597381732718
0.00680565,42.077022552490234,-74.32626342773438,0.00649934020202636
0.00421555,43.78901672363281,-80.46224975585938,0.006405979388546257
0.006192050000000001,42.31957244873047,-79.5771255493164,0.006429729683077312
0.00835145,39.53661346435547,-73.92686462402344,0.006478773639173596
0.0041211500000000005,45.91221237182617,-85.13495635986328,0.006431503879866796
0.00596785,43.24000549316406,-80.20233154296875,0.00642456302557548
0.00404445,45.13368225097656,-81.58723449707031,0.006393908711288532
0.00546635,43.662899017333984,-78.29462432861328,0.0063678163542135735
0.00559025,43.5546760559082,-78.06402587890625,0.006441875257223728
0.007855850000000001,40.271785736083984,-74.11864471435547,0.006417385202439618
0.00507695,42.96588134765625,-75.74026489257812,0.006480457591351296
0.00573185,43.688018798828125,-77.83975982666016,0.006449301713473687
0.00817445,39.25877380371094,-74.85795593261719,0.0064646537339285715
0.00698265,41.36404037475586,-77.63468170166016,0.0064429796793774585
0.00791485,40.214664459228516,-77.29910278320312,0.0064260020280926256
0.00877035,37.95302963256836,-72.86786651611328,0.006436644139284908
0.00336595,50.53630447387695,-90.3924789428711,0.0063093998505792115
0.00365505,47.62884521484375,-84.26773834228516,0.006381003117894579
0.00656965,41.299949645996094,-76.11346435546875,0.006457210088228749
0.007549050000000002,40.00638961791992,-74.81404876708984,0.006422580713660864
0.00821575,39.67844772338867,-74.33802795410156,0.006491075146186631
0.008799850000000001,37.87135314941406,-72.99820709228516,0.006426231630030088
0.00586165,42.68020248413086,-79.95037078857422,0.006432256532207248
0.00330695,50.22467803955078,-91.1701431274414,0.006305318584054476
0.0073130500000000015,40.744239807128906,-75.79386138916016,0.006446277598115557
0.0029529499999999998,53.547027587890625,-93.93832397460938,0.0062949060747996555
0.005961950000000001,42.91438293457031,-79.57388305664062,0.006453192668232077
0.00407985,45.888851165771484,-85.14701080322266,0.006433124599425355
0.007324850000000001,41.398983001708984,-75.67533874511719,0.006446470979426522
0.006168450000000001,42.386566162109375,-76.23002624511719,0.006452123238886998
0.007737850000000001,40.48040771484375,-77.19428253173828,0.006445365329454944
0.0035016500000000002,46.79220199584961,-83.51028442382812,0.006356789322126133
0.00810365,40.03309631347656,-72.98474884033203,0.006496481842077628
0.00681745,41.448055267333984,-76.09144592285156,0.006441265645662497
0.00399135,45.898738861083984,-83.96984100341797,0.006426164713957405
0.0073897500000000005,40.27778244018555,-74.31813049316406,0.00645396864911163
0.006121250000000001,43.104469299316406,-76.62639617919922,0.006441595928663446
0.006481150000000001,41.77073287963867,-76.9995346069336,0.006429599534385488
0.00298835,52.58623123168945,-93.22128295898438,0.006294481249824457
0.00697675,41.96144485473633,-76.55362701416016,0.006510693219752284
0.00860515,38.728424072265625,-72.95787811279297,0.006474474434980948
0.00546045,44.33126449584961,-78.40718841552734,0.0064652547507648706
0.005767250000000001,43.2423095703125,-77.45233154296875,0.006412701077351812
0.0075549499999999995,40.64183044433594,-77.39620971679688,0.006407748060155427
0.0053837500000000005,44.25829315185547,-79.01066589355469,0.006432562258851249
0.00688825,40.47731399536133,-74.79625701904297,0.006450333080465498
0.00341905,47.3113899230957,-85.45165252685547,0.0064210385744445375
0.00841045,39.26615524291992,-75.22188568115234,0.006450463229157322
0.005631550000000001,44.041961669921875,-78.06185913085938,0.006444679593187175
0.00484685,42.50020980834961,-80.35502624511719,0.006418256953111268
0.0041801500000000005,43.53114318847656,-80.27435302734375,0.006405840645129501
0.00333645,50.64130783081055,-90.26799774169922,0.006308442152658245
0.007295350000000001,40.54438400268555,-73.29621887207031,0.006446760744438507
0.007702450000000001,40.7747802734375,-74.55687713623047,0.0064613865106366575
0.00584985,43.7971076965332,-80.06346130371094,0.006432198210859497
0.00500025,43.4800910949707,-81.11878967285156,0.006386191876117664
0.007773250000000001,40.78296661376953,-74.09120178222656,0.006459989253926324
0.00745465,40.732112884521484,-75.28520202636719,0.006405155522770656
0.00721865,41.36430740356445,-75.6500473022461,0.006442484254876035
0.00382025,46.520381927490234,-82.2484359741211,0.006434537203858781
0.00400905,45.5153923034668,-82.0863037109375,0.006387597727552929
0.00472295,43.352291107177734,-78.85934448242188,0.006426383265534241
0.00303555,53.04387664794922,-93.9136734008789,0.006283185939537361
0.007731950000000001,41.33057403564453,-75.14881896972656,0.006464720650001254
0.005944250000000001,40.91143035888672,-76.19813537597656,0.006440549213948543
0.004917650000000001,43.0804557800293,-80.30583190917969,0.006418873931579583
0.007230450000000001,40.951805114746094,-73.63544464111328,0.006440129914153658
0.00479965,43.9180793762207,-80.4678955078125,0.006448620888477308
0.00344855,52.090091705322266,-89.15396881103516,0.006321679870779917
0.005543050000000001,43.85285949707031,-77.25215148925781,0.006437336628550838
0.007790950000000001,39.64309310913086,-75.16744995117188,0.006439391381718451
0.00302965,52.518795013427734,-92.9218521118164,0.0062939342569734436
0.00830425,39.49059295654297,-74.20962524414062,0.006461217071773717
0.00722455,41.25193786621094,-76.57752990722656,0.006439717981265858
0.006079950000000001,43.25369644165039,-76.51883697509766,0.006448857857321855
0.00390875,47.978981018066406,-83.43414306640625,0.0063967756659621955
0.00618615,43.210716247558594,-76.3122329711914,0.006437704973905056
0.0031240499999999997,50.9031982421875,-89.35643005371094,0.0063513003624393605
0.00429225,45.57838439941406,-81.08676147460938,0.006431670863094041
0.00475245,43.51792526245117,-79.53692626953125,0.006433804810512811
0.00490585,42.971229553222656,-80.9461441040039,0.006422149135687505
0.008298350000000001,39.61281967163086,-74.1640625,0.006461072189267725
0.00472885,43.8498649597168,-78.88674926757812,0.006453289051933098
0.00682925,40.29761505126953,-74.7126235961914,0.006442613175750012
0.00443385,43.850128173828125,-80.78952026367188,0.006429953145925538
0.00829245,39.81929397583008,-75.48646545410156,0.00646567650619545
0.00324795,51.8240852355957,-89.10404205322266,0.006310644243967545
0.00417425,45.48432159423828,-83.79782104492188,0.0064323805418098345
0.00392055,46.446414947509766,-85.85555267333984,0.006406471129594138
0.00493535,42.92390823364258,-79.75603485107422,0.006411375647985551
0.0052362500000000005,42.912044525146484,-78.95364379882812,0.006389781401594519
0.00413295,45.359867095947266,-82.54289245605469,0.006446820907513029
0.00458725,43.362308502197266,-79.31008911132812,0.0064172470729317865
0.007029850000000001,40.983551025390625,-79.32281494140625,0.006424158459594764
0.00608585,43.94442367553711,-75.67666625976562,0.006501812413262087
0.00314765,52.64847946166992,-91.43954467773438,0.006307125318016915
0.00684105,41.535587310791016,-76.2847900390625,0.006458962184296979
0.00786175,40.20706558227539,-76.11061096191406,0.006444588734666468
0.00399725,46.030277252197266,-84.69574737548828,0.006438910077122273
0.006929550000000001,40.987056732177734,-74.26504516601562,0.006519380644931516
0.00362555,46.630455017089844,-85.51810455322266,0.006415070765797282
0.00662865,40.893150329589844,-77.27934265136719,0.0064438581830472685
0.00401495,46.072975158691406,-81.54005432128906,0.006458474740611564
0.007667050000000002,41.49166488647461,-75.69117736816406,0.006468427432082535
0.00442795,44.3736457824707,-81.48673248291016,0.006428776896427735
0.00314175,53.24598693847656,-92.27754974365234,0.006308706133495434
0.00343675,47.67136001586914,-87.22415924072266,0.006358858195198991
0.00751955,40.805641174316406,-75.20335388183594,0.006443152801693941
0.00351935,47.133663177490234,-88.57698059082031,0.006372800680765067
0.0041506500000000005,45.58715057373047,-80.99928283691406,0.006469889763138781
0.00872905,37.63337707519531,-72.39888000488281,0.006442564063036116
0.00849305,38.04627990722656,-71.09010314941406,0.006413471533051052
0.00442205,43.0386962890625,-79.59777069091797,0.006401292807822756
0.00559615,43.56089782714844,-77.18450164794922,0.006411984645637858
0.00679975,41.183841705322266,-78.1683349609375,0.006406177067219687
0.00434535,44.43924331665039,-81.96842193603516,0.006425169567592093
0.00674075,41.16930389404297,-75.00790405273438,0.006436978719648323
0.00301195,51.41558837890625,-90.34687042236328,0.00634659229490353
0.00425095,45.22570037841797,-82.89292907714844,0.006444134442062932
0.00481145,42.688899993896484,-80.43903350830078,0.0063959984572647954
0.00863465,37.857696533203125,-72.43319702148438,0.006434233318941551
0.007849950000000001,40.07683181762695,-77.50672149658203,0.006442575727305666
0.00562565,43.9852294921875,-77.2855224609375,0.006457173253693327
0.00882935,37.97187423706055,-72.62249755859375,0.006434419333345431
0.00831015,39.807456970214844,-74.6671371459961,0.006463845215876063
0.00363145,48.283565521240234,-86.30071258544922,0.006327496657831944
0.00504745,42.415061950683594,-78.42937469482422,0.006431315409827221
0.00548995,44.54847717285156,-79.27884674072266,0.006447280111387954
0.006575550000000001,42.15674591064453,-76.9407730102539,0.006435060254261771
0.00790305,40.831295013427734,-74.16002655029297,0.006469768823080813
0.0034662499999999997,46.71559143066406,-84.3170394897461,0.006411885192392219
0.00521265,42.92479705810547,-81.63430786132812,0.006422142996598268
0.00724815,40.983116149902344,-74.44281005859375,0.006441024993364408
0.008563850000000001,37.8690071105957,-73.17874908447266,0.006435422460526752
0.00430405,44.36834716796875,-80.56741333007812,0.006394267234099971
0.00550765,43.84297561645508,-79.4516830444336,0.006421300713554956
0.00884115,37.696929931640625,-72.12702178955078,0.006438771947614441
0.00531885,44.65693283081055,-80.98295593261719,0.006422245519388525
0.00605635,43.208316802978516,-77.52143859863281,0.006443548159040802
0.00377305,49.5245475769043,-84.7205810546875,0.006422710248443764
0.00516545,42.896060943603516,-80.93555450439453,0.006418245288841717
0.006020950000000001,42.839481353759766,-78.21380615234375,0.006428285155379854
0.00861105,38.5185432434082,-72.49482727050781,0.006458360553551756
0.0045223500000000005,44.033687591552734,-82.3397216796875,0.006419993701456406
0.0059501499999999995,43.653072357177734,-77.7807388305664,0.006442524772864999
0.00701805,40.61427688598633,-76.952392578125,0.006417275312742277
0.00482325,42.73588943481445,-79.36144256591797,0.006390190878846624
0.00489995,43.0422477722168,-79.14579010009766,0.00644336521418154
0.00468165,43.1925048828125,-79.0566177368164,0.006437157367145119
0.00428635,45.572845458984375,-83.46739959716797,0.006433340695366496
0.00650475,41.880706787109375,-78.86518859863281,0.0064335506522184005
0.006764350000000001,41.397830963134766,-77.14900970458984,0.006427717289625434
0.00405035,45.16518783569336,-81.76775360107422,0.006393728222064965
0.0047760500000000004,42.54142761230469,-79.46729278564453,0.006422371984626807
0.00473475,43.92768478393555,-79.01805877685547,0.006462961800934863
0.00300605,52.66124725341797,-93.04581451416016,0.006296815945461276
0.007808650000000002,40.04059600830078,-77.57074737548828,0.00643923176539829
0.0056669500000000005,43.83098220825195,-77.04566955566406,0.00646469670755323
0.005572550000000001,43.05424499511719,-78.40218353271484,0.006448632552746858
0.007802750000000001,39.76040267944336,-72.74922943115234,0.00645653601623053
0.00610355,43.152626037597656,-77.84566497802734,0.006480089245997078
0.00787355,40.194766998291016,-76.52828216552734,0.006439752360165585
0.004534150000000001,43.51388168334961,-80.13510131835938,0.0064077290289787925
0.00512415,43.15341567993164,-80.71685791015625,0.006444318000831117
0.00461675,44.60498046875,-81.55265045166016,0.006440022480092011
0.00808005,39.302581787109375,-73.53341674804688,0.006442180983867729
0.00359605,46.16353225708008,-85.02458190917969,0.0063693406900711125
0.004357150000000001,44.58770751953125,-80.2271499633789,0.006456294750023517
0.00686465,41.36272430419922,-72.86688995361328,0.006452524735323095
0.00311225,53.15740203857422,-93.0954818725586,0.006270806466091017
0.00792075,39.97314453125,-74.57779693603516,0.0064526395362918265
0.005749550000000001,43.27545166015625,-75.63912200927734,0.006475174291153962
0.008404550000000002,38.19927215576172,-71.70918273925781,0.006412940501832054
0.00638085,42.799644470214844,-76.96524047851562,0.00642455136130593
0.00754315,40.21571731567383,-74.08529663085938,0.00646655500986526
0.008569750000000001,37.90925979614258,-72.85890197753906,0.006419550459213497
0.00420375,45.284786224365234,-81.64308166503906,0.0064658741848688805
0.00354295,48.42171859741211,-86.5472183227539,0.006364608680087258
0.00875855,37.767337799072266,-73.4297866821289,0.0064360019905507215
0.00385565,47.09385681152344,-82.07328033447266,0.006432310556192533
